"Name","Team","W","L","SV","ERA","GS","G","IP","H","ER","HR","SO","BB","WHIP","K/9","BB/9","FIP","playerid"
"Josh Hader","Brewers","3","2","0","2.51","0","65","65.0","38","18","7","106","28","1.01","14.64","3.86","2.71","14212"
"Edwin Diaz","Mets","3","2","0","3.15","0","65","65.0","49","23","7","92","21","1.07","12.68","2.90","3.02","14710"
"Gerrit Cole","Yankees","17","8","0","3.07","34","34","214.0","161","73","27","298","63","1.05","12.53","2.63","3.03","13125"
"Jacob deGrom","Mets","16","9","0","3.03","32","32","207.0","164","70","22","250","54","1.05","10.88","2.34","3.04","10954"
"Chris Sale","Red Sox","14","7","0","3.10","29","29","181.0","138","62","23","250","48","1.03","12.42","2.40","3.04","10603"
"Dellin Betances","Mets","3","2","0","3.08","0","55","55.0","38","19","5","79","25","1.15","12.97","4.13","3.06","6216"
"Aroldis Chapman","Yankees","4","2","0","2.93","0","65","65.0","47","21","6","90","27","1.13","12.47","3.75","3.09","10233"
"Taylor Rogers","Twins","4","2","0","3.30","0","65","65.0","58","24","6","73","18","1.18","10.15","2.51","3.11","13449"
"Nick Anderson","Rays","3","2","0","3.09","0","65","65.0","48","22","9","93","20","1.06","12.83","2.80","3.12","18337"
"Liam Hendriks","Athletics","4","2","0","3.35","0","70","70.0","58","26","8","91","20","1.12","11.66","2.63","3.12","3548"
"Ken Giles","Blue Jays","3","3","0","3.35","0","65","65.0","54","24","8","82","19","1.13","11.42","2.63","3.21","12910"
"Corey Knebel","Brewers","2","2","0","3.18","0","45","45.0","32","16","5","64","19","1.14","12.88","3.85","3.27","15010"
"Kirby Yates","Padres","3","2","0","3.36","0","65","65.0","50","24","9","91","22","1.11","12.64","3.11","3.36","9073"
"Blake Snell","Rays","14","9","0","3.32","32","32","185.0","148","68","23","237","66","1.16","11.51","3.22","3.38","13543"
"Will Smith","Braves","3","2","0","3.52","0","65","65.0","55","25","8","85","22","1.19","11.70","3.09","3.40","8048"
"Shane Bieber","Indians","14","9","0","3.55","32","32","196.0","178","77","27","220","39","1.11","10.09","1.81","3.43","19427"
"Jose Castillo","Padres","2","1","0","3.32","0","38","38.0","31","14","4","45","15","1.20","10.61","3.58","3.44","17169"
"Ryan Pressly","Astros","4","2","0","3.36","0","65","65.0","55","24","8","77","19","1.14","10.67","2.60","3.45","7005"
"Luis Severino","Yankees","10","6","0","3.43","23","23","134.0","117","51","16","150","36","1.14","10.08","2.41","3.47","15890"
"Mike Clevinger","Indians","12","8","0","3.48","28","28","163.0","133","63","21","202","53","1.14","11.14","2.95","3.48","12808"
"Brad Hand","Indians","3","2","0","3.44","0","65","65.0","53","25","9","84","21","1.14","11.61","2.90","3.50","9111"
"Diego Castillo","Rays","3","2","0","3.20","0","60","60.0","49","21","6","64","19","1.14","9.66","2.81","3.51","17496"
"Walker Buehler","Dodgers","15","8","0","3.42","32","32","192.0","165","73","24","212","50","1.12","9.93","2.33","3.52","19374"
"Chad Green","Yankees","3","2","0","3.76","0","60","60.0","53","25","8","77","18","1.19","11.51","2.71","3.52","15552"
"Justin Verlander","Astros","18","8","0","3.25","34","34","216.0","160","78","35","282","51","0.98","11.75","2.13","3.52","8700"
"Andrew Chafin","Diamondbacks","3","3","0","3.60","0","70","70.0","63","28","6","74","28","1.31","9.57","3.66","3.53","12988"
"Max Scherzer","Nationals","15","9","0","3.41","32","32","207.0","162","78","32","267","54","1.05","11.60","2.37","3.54","3137"
"Austin Adams","Mariners","1","1","0","3.23","0","15","15.0","11","5","1","21","9","1.28","12.86","5.20","3.55","13801"
"Matt Barnes","Red Sox","3","2","0","3.65","0","68","68.0","56","28","8","94","31","1.28","12.46","4.12","3.56","12863"
"Cionel Perez","Astros","1","0","0","3.32","0","10","10.0","9","4","1","10","4","1.24","9.17","3.42","3.60","19614"
"Mark Melancon","Braves","3","2","0","3.58","0","65","65.0","63","26","6","55","17","1.24","7.63","2.35","3.60","4264"
"Noah Syndergaard","Mets","12","11","0","3.86","32","32","193.0","179","83","21","189","54","1.21","8.80","2.52","3.62","11762"
"Aaron Bummer","White Sox","3","2","0","3.14","0","65","65.0","56","23","4","58","26","1.27","8.09","3.65","3.62","16258"
"Richard Lovelady","Royals","0","0","0","3.56","0","10","10.0","10","4","1","9","3","1.28","7.68","2.97","3.63","19337"
"Lance McCullers Jr.","Astros","11","6","0","3.48","24","24","139.0","120","54","15","157","50","1.22","10.16","3.26","3.64","14120"
"Kenley Jansen","Dodgers","4","2","0","3.49","0","65","65.0","54","25","10","74","14","1.04","10.20","1.93","3.64","3096"
"Tyler Glasnow","Rays","12","8","0","3.50","29","29","166.0","134","65","21","199","61","1.18","10.76","3.32","3.64","14374"
"Joely Rodriguez","Rangers","2","2","0","3.60","0","45","45.0","40","18","4","51","19","1.31","10.20","3.85","3.65","11487"
"Charlie Morton","Rays","14","9","0","3.47","32","32","189.0","156","73","22","220","67","1.18","10.45","3.19","3.65","4676"
"Caleb Ferguson","Dodgers","1","0","0","3.42","0","15","15.0","13","6","2","17","6","1.22","10.07","3.50","3.66","19349"
"Chris Martin","Braves","3","2","0","3.88","0","50","50.0","49","22","7","51","10","1.19","9.26","1.88","3.67","11847"
"Sam Selman","Giants","0","0","0","3.46","0","5","5.0","4","2","0","7","3","1.35","11.79","5.37","3.67","13397"
"Roberto Osuna","Astros","4","2","0","3.43","0","65","65.0","55","25","9","69","13","1.05","9.54","1.82","3.68","13764"
"Jesus Luzardo","Athletics","10","8","0","3.45","24","34","151.0","129","58","18","156","47","1.17","9.31","2.81","3.69","19959"
"James Paxton","Yankees","9","6","0","3.64","23","23","129.0","112","52","18","154","41","1.18","10.72","2.87","3.70","11828"
"Jake Diekman","Athletics","4","2","0","3.45","0","70","70.0","57","27","6","82","36","1.32","10.49","4.63","3.72","5003"
"Keone Kela","Pirates","3","3","0","3.65","0","65","65.0","54","26","8","74","25","1.22","10.30","3.52","3.75","14696"
"Josh Taylor","Red Sox","3","2","0","3.95","0","60","60.0","56","26","7","69","25","1.36","10.36","3.82","3.76","17359"
"Shohei Ohtani","Angels","7","5","0","3.49","18","18","102.0","78","40","13","130","45","1.21","11.48","3.97","3.77","19755"
"Jack Flaherty","Cardinals","13","10","0","3.50","32","32","190.0","158","74","25","213","63","1.16","10.11","2.99","3.77","17479"
"Joakim Soria","Athletics","3","2","0","3.56","0","62","62.0","53","25","7","66","21","1.20","9.61","3.09","3.78","6941"
"Chris Paddack","Padres","11","9","0","3.66","29","29","166.0","149","68","24","171","36","1.11","9.30","1.95","3.78","20099"
"Tyler Duffey","Twins","3","2","0","3.91","0","65","65.0","61","28","9","71","18","1.22","9.87","2.49","3.78","13758"
"Zack Britton","Yankees","4","2","0","3.19","0","65","65.0","59","23","4","54","27","1.31","7.45","3.69","3.81","3240"
"Stephen Strasburg","Nationals","14","10","0","3.76","32","32","201.0","178","84","28","226","62","1.19","10.10","2.77","3.81","10131"
"Trevor Gott","Giants","2","2","0","3.91","0","45","45.0","43","20","4","43","17","1.32","8.63","3.39","3.81","15046"
"Joe Jimenez","Tigers","3","3","0","3.70","0","65","65.0","54","27","9","75","23","1.18","10.45","3.13","3.82","15761"
"Archie Bradley","Diamondbacks","3","3","0","4.00","0","65","65.0","60","29","7","67","26","1.33","9.31","3.62","3.83","12918"
"Andrew Kittredge","Rays","1","1","0","3.95","0","30","30.0","29","13","4","32","9","1.26","9.67","2.75","3.83","12828"
"Jace Fry","White Sox","3","2","0","3.60","0","67","67.0","58","27","6","73","32","1.34","9.83","4.34","3.83","16159"
"Carlos Carrasco","Indians","12","9","0","3.83","29","29","171.0","154","73","27","195","43","1.15","10.27","2.29","3.84","6632"
"Luiz Gohara","Angels","1","0","0","3.66","0","10","10.0","9","4","1","11","4","1.26","10.12","3.60","3.84","15166"
"Oliver Drake","Rays","3","2","0","3.71","0","55","55.0","47","23","7","64","22","1.27","10.54","3.67","3.84","8823"
"Brad Wieck","Cubs","3","2","0","3.87","0","55","55.0","46","24","7","72","26","1.31","11.81","4.33","3.85","16390"
"Jose Alvarado","Rays","3","2","0","3.39","0","60","60.0","49","23","5","64","33","1.37","9.62","4.98","3.85","17780"
"Dillon Maples","Cubs","0","0","0","3.47","0","10","10.0","7","4","1","14","7","1.47","12.33","6.62","3.86","14672"
"A.J. Puk","Athletics","10","8","0","3.65","23","38","147.0","123","60","18","162","59","1.23","9.94","3.59","3.86","19343"
"Aaron Nola","Phillies","14","11","0","3.66","34","34","209.0","185","85","26","216","69","1.21","9.30","2.96","3.86","16149"
"Rich Hill","Twins","6","4","0","3.75","15","15","85.0","74","35","11","94","27","1.19","9.98","2.87","3.87","4806"
"Ty Buttrey","Angels","3","2","0","3.71","0","65","65.0","55","27","7","74","28","1.28","10.23","3.90","3.87","14719"
"Framber Valdez","Astros","4","2","0","3.44","3","43","59.0","51","23","5","62","30","1.36","9.48","4.54","3.87","17295"
"Pierce Johnson","Padres","2","2","0","3.78","0","40","40.0","32","17","5","51","20","1.31","11.59","4.58","3.87","13435"
"Trey Wingenter","Padres","1","1","0","3.65","0","25","25.0","20","10","3","31","12","1.27","11.16","4.35","3.88","17793"
"Luke Jackson","Braves","3","2","0","3.94","0","55","55.0","48","24","6","66","26","1.35","10.87","4.21","3.88","11752"
"Mike Soroka","Braves","12","10","0","3.83","31","31","182.0","179","77","19","149","48","1.25","7.37","2.37","3.88","18383"
"Fernando Romero","Twins","1","1","0","3.81","0","20","20.0","19","8","2","18","8","1.33","8.29","3.60","3.88","15885"
"Zack Littell","Twins","2","2","0","4.00","0","45","45.0","43","20","5","43","16","1.31","8.62","3.23","3.89","15823"
"Jose Leclerc","Rangers","3","3","0","3.51","0","68","68.0","47","27","8","93","40","1.28","12.30","5.35","3.89","14524"
"Stefan Crichton","Diamondbacks","2","2","0","4.12","0","50","50.0","49","23","5","47","17","1.34","8.38","3.14","3.91","16058"
"Alex Claudio","Brewers","3","2","0","3.71","0","60","60.0","61","25","5","39","14","1.26","5.81","2.16","3.91","12890"
"Julio Urias","Dodgers","10","7","0","3.80","23","28","137.0","122","58","16","140","50","1.25","9.20","3.27","3.91","14765"
"Clayton Kershaw","Dodgers","15","8","0","3.60","31","31","192.0","171","77","28","188","47","1.13","8.82","2.20","3.93","2036"
"Dylan Floro","Dodgers","2","1","0","4.15","0","35","35.0","37","16","4","28","9","1.33","7.24","2.36","3.93","13394"
"Lewis Thorpe","Twins","1","1","0","3.97","0","15","15.0","14","7","2","17","6","1.31","10.11","3.69","3.94","15906"
"Jordan Hicks","Cardinals","1","1","0","3.34","0","25","25.0","21","9","2","23","12","1.35","8.14","4.47","3.94","19618"
"Brandon Woodruff","Brewers","12","10","0","3.89","31","31","181.0","164","78","23","191","62","1.25","9.50","3.08","3.94","16162"
"Hyun-Jin Ryu","Blue Jays","11","11","0","3.93","31","31","182.0","179","79","26","171","42","1.22","8.44","2.09","3.94","14444"
"Tyler Rogers","Giants","2","3","0","3.71","0","60","60.0","56","25","4","48","25","1.35","7.27","3.75","3.95","15541"
"Tommy Kahnle","Yankees","4","2","0","3.80","0","68","68.0","58","29","10","84","28","1.26","11.11","3.71","3.95","11384"
"Ross Stripling","Dodgers","5","3","0","3.86","6","51","83.0","79","36","12","79","20","1.19","8.55","2.14","3.95","13273"
"A.J. Minter","Braves","1","0","0","4.07","0","10","10.0","9","5","1","10","4","1.31","9.22","3.33","3.95","18655"
"Mychal Givens","Orioles","2","3","0","3.87","0","65","65.0","54","28","9","76","26","1.24","10.54","3.60","3.96","10430"
"Jonathan Holder","Yankees","2","1","0","3.84","0","35","35.0","32","15","5","35","9","1.17","8.97","2.28","3.96","16588"
"Frankie Montas","Athletics","12","10","0","3.85","31","31","182.0","167","78","23","180","59","1.24","8.88","2.92","3.97","14309"
"Adam Ottavino","Yankees","4","2","0","3.74","0","68","68.0","53","28","9","86","32","1.25","11.42","4.27","3.97","1247"
"Emilio Pagan","Padres","3","3","0","3.72","0","65","65.0","53","27","10","76","19","1.11","10.47","2.67","3.97","14771"
"Andrew Miller","Cardinals","3","2","0","3.71","0","68","68.0","59","28","9","74","23","1.22","9.78","3.09","3.97","6785"
"Lou Trivino","Athletics","3","2","0","3.72","0","55","55.0","49","23","6","53","22","1.28","8.62","3.57","3.98","15043"
"Brett Martin","Rangers","2","2","0","4.22","0","55","55.0","56","26","6","52","21","1.40","8.50","3.39","3.98","17369"
"Patrick Corbin","Nationals","12","11","0","4.09","32","32","191.0","182","87","28","211","64","1.29","9.94","3.01","3.99","9323"
"Blake Treinen","Dodgers","4","2","0","3.89","0","62","62.0","60","27","7","58","23","1.33","8.41","3.28","3.99","12572"
"Eduardo Rodriguez","Red Sox","14","10","0","3.82","34","34","201.0","179","85","26","209","71","1.25","9.34","3.17","4.00","13164"
"Stephen Tarpley","Marlins","2","2","0","3.79","0","45","45.0","40","19","4","45","22","1.39","9.10","4.47","4.00","15859"
"Dustin May","Dodgers","7","5","0","3.94","16","31","109.0","108","48","12","90","29","1.25","7.46","2.41","4.00","19716"
"Justin Wilson","Mets","3","2","0","3.82","0","60","60.0","50","25","7","69","29","1.32","10.32","4.41","4.01","4301"
"Joshua James","Astros","9","6","0","3.87","18","43","128.0","105","55","18","163","58","1.28","11.49","4.10","4.01","16794"
"Chaz Roe","Rays","3","2","0","3.88","0","65","65.0","57","28","8","72","28","1.30","9.97","3.84","4.01","9866"
"Reyes Moronta","Giants","0","0","0","3.84","0","10","10.0","8","4","1","11","5","1.31","10.30","4.43","4.01","14966"
"Giovanny Gallegos","Cardinals","3","2","0","3.92","0","65","65.0","58","28","11","75","19","1.18","10.40","2.58","4.01","14986"
"Lance Lynn","Rangers","12","11","0","3.94","32","32","191.0","171","84","25","209","73","1.28","9.86","3.43","4.01","2520"
"Dennis Santana","Dodgers","0","0","0","3.82","0","5","5.0","4","2","1","5","2","1.34","9.69","4.39","4.02","17878"
"Brent Honeywell","Rays","4","4","0","3.86","11","16","71.0","65","30","11","74","18","1.17","9.37","2.30","4.03","sa828706"
"Brendan McKay","Rays","6","6","0","3.81","16","21","99.0","88","42","15","106","31","1.20","9.62","2.84","4.03","20186"
"Jeurys Familia","Mets","3","2","0","3.95","0","60","60.0","55","26","6","58","27","1.36","8.74","4.01","4.04","5114"
"Bobby Wahl","Brewers","1","1","0","3.86","0","15","15.0","12","6","2","21","8","1.27","12.38","4.50","4.06","14832"
"J.P. Feyereisen","Brewers","1","1","0","3.69","0","25","25.0","19","10","3","31","12","1.26","11.02","4.45","4.07","sa829227"
"Deolis Guerra","Phillies","1","1","0","3.80","0","20","20.0","17","8","3","22","6","1.16","10.01","2.73","4.07","8410"
"Sonny Gray","Reds","11","10","0","3.90","31","31","175.0","156","76","22","181","71","1.30","9.33","3.66","4.08","12768"
"Josh Sborz","Dodgers","0","0","0","3.94","0","5","5.0","4","2","1","5","2","1.31","9.74","3.90","4.08","18323"
"Kenta Maeda","Twins","11","9","0","4.04","26","36","160.0","144","72","23","173","57","1.26","9.70","3.20","4.08","18498"
"Craig Kimbrel","Cubs","3","2","0","3.89","0","65","65.0","52","28","10","82","28","1.24","11.36","3.93","4.08","6655"
"Tanner Scott","Orioles","1","2","0","3.84","0","35","35.0","29","15","3","42","23","1.48","10.73","5.90","4.08","17586"
"Rowan Wick","Cubs","3","3","0","3.78","0","65","65.0","55","27","6","66","32","1.33","9.13","4.39","4.09","14646"
"Donnie Hart","Mets","0","0","0","3.83","0","5","5.0","5","2","0","4","2","1.31","6.38","2.93","4.09","15306"
"Marcus Stroman","Mets","11","10","0","3.91","31","31","179.0","175","78","19","147","62","1.32","7.37","3.10","4.09","13431"
"Sam Dyson","","1","1","0","3.89","0","25","25.0","24","11","3","22","9","1.30","7.76","3.08","4.10","11710"
"Seth Lugo","Mets","3","3","0","4.11","0","65","65.0","61","30","10","72","19","1.24","9.95","2.62","4.10","12447"
"Anthony Banda","Rays","1","1","0","3.96","0","20","20.0","18","9","2","20","9","1.35","8.87","3.91","4.10","14706"
"Kent Emanuel","Astros","0","0","0","4.07","0","5","5.0","5","2","1","5","2","1.34","8.26","3.16","4.11","sa549399"
"Yu Darvish","Cubs","11","10","0","4.06","31","31","180.0","154","81","28","213","69","1.24","10.65","3.46","4.12","13074"
"Trevor Bauer","Reds","13","11","0","4.11","32","32","201.0","179","92","29","230","78","1.28","10.29","3.48","4.12","12703"
"Zack Wheeler","Phillies","12","10","0","3.95","31","31","189.0","181","83","25","174","57","1.26","8.30","2.70","4.12","10310"
"Max Fried","Braves","11","10","0","4.31","31","31","175.0","176","84","23","175","63","1.37","8.98","3.26","4.13","13743"
"Darren O'Day","Braves","2","2","0","3.88","0","45","45.0","38","19","7","52","16","1.20","10.30","3.22","4.13","3321"
"Phil Maton","Indians","2","1","0","4.02","0","30","30.0","27","13","5","32","10","1.24","9.54","2.91","4.13","18064"
"Seranthony Dominguez","Phillies","2","2","0","3.68","0","45","45.0","38","18","5","47","21","1.29","9.50","4.10","4.13","19249"
"Brandon Kintzler","Marlins","3","3","0","4.09","0","65","65.0","67","30","7","49","17","1.30","6.78","2.36","4.13","9939"
"Alex Reyes","Cardinals","2","2","0","3.83","2","37","44.0","36","19","5","49","24","1.36","9.97","4.85","4.13","15015"
"Robert Gsellman","Mets","2","2","0","4.20","0","40","40.0","40","19","4","34","14","1.35","7.57","3.12","4.13","13696"
"Raisel Iglesias","Reds","3","3","0","4.00","0","65","65.0","58","29","10","74","22","1.23","10.20","3.04","4.14","17130"
"Luis Castillo","Reds","12","11","0","3.94","32","32","191.0","170","84","26","205","73","1.27","9.67","3.46","4.14","15689"
"Joe Kelly","Dodgers","4","2","0","3.92","0","65","65.0","59","28","8","65","26","1.32","8.95","3.67","4.14","9761"
"Aaron Loup","","0","0","0","4.08","0","10","10.0","10","5","1","10","4","1.36","9.03","3.61","4.14","10343"
"Gabe Speier","Royals","0","0","0","4.12","0","5","5.0","5","2","1","5","2","1.39","8.12","3.80","4.15","17170"
"Tim Hill","Royals","3","3","0","3.97","0","60","60.0","58","26","6","52","23","1.36","7.82","3.46","4.15","16814"
"Luke Weaver","Diamondbacks","8","8","0","4.36","24","24","138.0","138","67","19","133","46","1.34","8.66","3.00","4.15","16918"
"Andrew Heaney","Angels","11","9","0","4.03","29","29","165.0","148","74","28","189","48","1.19","10.30","2.62","4.15","15423"
"Freddy Peralta","Brewers","5","5","0","4.01","10","40","86.0","72","38","12","106","40","1.29","11.09","4.16","4.16","18679"
"Jeremy Jeffress","Cubs","3","2","0","4.21","0","55","55.0","57","26","6","47","20","1.39","7.66","3.29","4.16","9490"
"Will Harris","Nationals","3","3","0","4.13","0","67","67.0","67","31","10","61","18","1.27","8.19","2.38","4.17","3192"
"Lucas Giolito","White Sox","13","10","0","3.95","32","32","195.0","165","86","29","223","78","1.25","10.30","3.61","4.17","15474"
"Pedro Strop","Reds","3","2","0","3.75","0","60","60.0","53","25","7","59","22","1.25","8.81","3.34","4.17","4070"
"Trevor Hildenberger","","1","1","0","4.33","0","15","15.0","16","7","2","13","4","1.29","7.60","2.27","4.17","17002"
"Austin Davis","Phillies","0","0","0","4.03","0","5","5.0","5","2","1","5","2","1.30","9.64","3.59","4.17","17117"
"Adam Kolarek","Dodgers","1","1","0","3.82","0","25","25.0","25","11","2","19","10","1.37","6.68","3.43","4.17","10843"
"Matt Grace","","0","0","0","4.45","0","10","10.0","11","5","1","7","3","1.40","6.30","2.62","4.17","11449"
"Joel Payamps","Diamondbacks","0","0","0","4.37","0","5","5.0","5","2","1","5","2","1.34","8.11","3.05","4.18","14332"
"Brent Suter","Brewers","3","3","0","4.17","2","62","69.0","68","32","10","65","18","1.26","8.45","2.38","4.18","13942"
"Dan Altavilla","Mariners","2","2","0","3.83","0","40","40.0","32","17","6","48","19","1.27","10.82","4.17","4.18","16507"
"Tony Watson","Giants","3","3","0","3.97","0","68","68.0","66","30","8","55","18","1.25","7.26","2.45","4.18","3132"
"Sean Doolittle","Nationals","3","2","0","3.90","0","60","60.0","53","26","10","63","14","1.13","9.52","2.17","4.18","1581"
"Paul Blackburn","Athletics","1","1","0","3.89","0","20","20.0","19","9","2","15","7","1.28","6.74","2.93","4.18","14739"
"Nick Vincent","","0","0","0","4.39","0","5","5.0","5","2","1","5","1","1.27","8.24","2.14","4.18","7555"
"Jose Berrios","Twins","14","9","0","3.98","32","32","197.0","181","87","27","186","58","1.21","8.50","2.66","4.18","14168"
"Craig Stammen","Padres","3","3","0","4.25","0","67","67.0","68","32","9","59","19","1.30","7.94","2.54","4.19","7274"
"Carlos Martinez","Cardinals","10","10","0","3.85","26","36","160.0","146","68","17","146","66","1.32","8.24","3.69","4.19","11682"
"Corbin Burnes","Brewers","4","4","0","4.13","5","45","68.0","63","31","9","71","26","1.32","9.46","3.49","4.20","19361"
"Kevin Gausman","Giants","8","11","0","4.40","28","28","158.0","159","77","22","151","50","1.32","8.59","2.86","4.20","14107"
"Scott Alexander","Dodgers","1","0","0","3.87","0","15","15.0","15","6","1","11","6","1.39","6.36","3.46","4.20","10591"
"Randy Dobnak","Twins","3","2","0","4.11","5","25","48.0","49","22","6","36","13","1.29","6.74","2.50","4.20","23798"
"Oliver Perez","Indians","3","2","0","4.17","0","63","63.0","59","29","9","69","22","1.29","9.86","3.20","4.20","1514"
"Joe Musgrove","Pirates","10","12","0","4.24","31","31","179.0","181","84","26","155","43","1.25","7.81","2.15","4.21","12970"
"Conner Menez","Giants","1","2","0","4.43","3","13","29.0","27","14","3","32","14","1.43","9.79","4.40","4.21","19199"
"Jimmie Sherfy","Diamondbacks","0","0","0","4.10","0","10","10.0","9","5","1","11","4","1.28","10.27","3.84","4.21","15118"
"Sam Tuivailala","Mariners","2","3","0","3.99","0","60","60.0","55","27","8","58","21","1.26","8.73","3.10","4.22","13485"
"Kyle Hendricks","Cubs","11","10","0","4.07","31","31","180.0","178","81","24","141","43","1.23","7.07","2.14","4.22","12049"
"David Price","Dodgers","11","8","0","4.14","28","28","155.0","146","71","24","157","48","1.25","9.11","2.79","4.23","3184"
"Jon Duplantier","Diamondbacks","1","1","0","4.19","0","27","27.0","25","13","3","27","14","1.42","9.10","4.56","4.23","19546"
"Dinelson Lamet","Padres","9","9","0","4.17","26","26","147.0","127","68","22","173","63","1.29","10.57","3.85","4.23","17186"
"Hector Neris","Phillies","3","2","0","4.01","0","65","65.0","56","29","11","80","23","1.22","11.11","3.25","4.23","11804"
"Carl Edwards Jr.","Mariners","2","3","0","3.69","0","55","55.0","42","23","7","62","29","1.30","10.16","4.77","4.24","13607"
"German Marquez","Rockies","11","11","0","4.74","31","31","186.0","202","98","29","184","51","1.36","8.92","2.46","4.24","15038"
"Luis Avilan","Yankees","0","0","0","4.01","0","5","5.0","5","2","1","5","2","1.34","8.80","3.74","4.24","2882"
"Joe Smith","Astros","3","2","0","3.91","0","55","55.0","51","24","8","52","15","1.21","8.50","2.53","4.25","3281"
"Drew Pomeranz","Padres","3","2","0","4.02","0","58","58.0","51","26","8","65","27","1.35","10.03","4.26","4.25","11426"
"Drew Steckenrider","Marlins","1","2","0","4.04","0","35","35.0","31","16","5","37","14","1.27","9.63","3.57","4.26","18806"
"Jandel Gustave","Giants","2","3","0","4.21","0","65","65.0","63","30","6","54","28","1.40","7.45","3.90","4.26","14665"
"Scott Oberg","Rockies","3","3","0","4.39","0","65","65.0","67","32","8","59","23","1.38","8.21","3.14","4.26","13911"
"Matthew Boyd","Tigers","9","11","0","4.06","29","29","168.0","149","76","29","186","51","1.19","9.98","2.76","4.26","15440"
"Trevor May","Twins","3","2","0","4.42","0","60","60.0","57","29","10","68","21","1.30","10.25","3.18","4.26","6398"
"Michael Feliz","Pirates","2","3","0","4.42","0","55","55.0","51","27","8","63","24","1.36","10.36","3.93","4.26","11903"
"Zack Greinke","Astros","15","9","0","3.89","32","32","198.0","183","86","33","185","46","1.15","8.43","2.08","4.27","1943"
"Wander Suero","Nationals","2","2","0","4.36","0","40","40.0","39","19","5","40","15","1.34","9.01","3.33","4.27","15855"
"Cam Bedrosian","Angels","3","2","0","4.13","0","60","60.0","57","28","8","58","21","1.31","8.68","3.17","4.27","13360"
"John Brebbia","Cardinals","3","2","0","4.21","0","55","55.0","51","26","9","59","18","1.24","9.66","2.90","4.27","12777"
"Michael King","Yankees","1","1","0","4.01","2","7","14.0","14","6","2","12","4","1.24","7.62","2.35","4.28","19853"
"Jake Odorizzi","Twins","12","9","0","4.12","31","31","175.0","154","80","26","184","68","1.27","9.49","3.47","4.28","6397"
"Spencer Turnbull","Tigers","8","9","0","4.39","24","24","141.0","140","69","17","127","53","1.37","8.11","3.40","4.29","16207"
"Dean Deetz","Astros","0","0","0","3.83","0","5","5.0","4","2","1","6","3","1.38","11.01","5.33","4.29","16687"
"Cole Sulser","Orioles","0","0","0","4.40","0","10","10.0","9","5","2","12","4","1.35","10.62","3.80","4.29","15256"
"Noe Ramirez","Angels","2","2","0","4.05","0","45","45.0","40","20","7","49","16","1.23","9.80","3.10","4.29","12800"
"Nathan Eovaldi","Red Sox","9","8","0","4.32","26","26","146.0","145","70","22","138","45","1.30","8.51","2.77","4.29","9132"
"Ryan Helsley","Cardinals","2","2","0","3.94","0","45","45.0","39","20","5","43","20","1.32","8.65","4.00","4.29","18138"
"Corey Kluber","Rangers","11","11","0","4.07","31","31","186.0","173","84","31","185","50","1.20","8.95","2.42","4.30","2429"
"Jimmy Nelson","Dodgers","3","2","0","4.27","2","42","49.0","47","23","6","48","19","1.34","8.85","3.48","4.30","10547"
"Randy Rosario","Royals","2","2","0","4.27","0","40","40.0","41","19","4","29","16","1.44","6.51","3.68","4.31","14508"
"Michael Fulmer","Tigers","3","4","0","4.11","10","10","55.0","54","25","8","46","15","1.26","7.46","2.51","4.31","13218"
"Alex Wood","Dodgers","8","6","0","4.18","19","29","123.0","124","57","17","103","34","1.28","7.52","2.48","4.31","13781"
"Sean Manaea","Athletics","10","8","0","3.95","26","26","151.0","140","66","23","133","39","1.19","7.94","2.35","4.31","15873"
"Eric Yardley","Brewers","0","0","0","4.15","0","10","10.0","10","5","1","7","3","1.35","6.52","2.87","4.31","15538"
"Zac Gallen","Diamondbacks","9","9","0","4.36","26","26","148.0","140","72","22","147","52","1.30","8.94","3.14","4.31","19291"
"Yonny Chirinos","Rays","8","8","0","4.03","19","44","138.0","132","62","21","121","35","1.21","7.86","2.28","4.31","16401"
"Matt Strahm","Padres","3","2","0","4.12","0","55","55.0","50","25","9","57","18","1.24","9.30","2.94","4.32","13799"
"Jon Gray","Rockies","10","12","0","4.82","31","31","182.0","195","97","26","176","64","1.42","8.71","3.14","4.33","14916"
"Trevor Rosenthal","","1","1","0","4.36","0","20","20.0","18","10","2","22","11","1.47","9.76","4.92","4.33","10745"
"Chris Bassitt","Athletics","7","7","0","3.99","16","41","119.0","107","53","15","111","43","1.26","8.36","3.29","4.33","12304"
"Bryse Wilson","Braves","2","2","0","4.31","6","11","43.0","43","21","6","38","13","1.30","7.85","2.77","4.34","19990"
"Collin McHugh","","4","4","0","4.30","3","48","64.0","60","31","10","67","22","1.29","9.40","3.16","4.34","7531"
"T.J. McFarland","Athletics","2","2","0","4.12","0","45","45.0","48","21","4","27","14","1.39","5.33","2.82","4.34","3237"
"Marcus Walden","Red Sox","2","2","0","4.44","0","40","40.0","40","20","5","36","17","1.44","8.12","3.87","4.34","8004"
"Adrian Houser","Brewers","9","10","0","4.30","26","31","155.0","152","74","21","145","55","1.34","8.43","3.20","4.34","12718"
"Grant Holmes","Athletics","1","0","0","4.02","0","10","10.0","9","4","1","10","5","1.33","9.12","4.08","4.34","sa828669"
"Dominic Leone","Indians","1","1","0","4.25","0","15","15.0","14","7","2","16","5","1.28","9.74","3.21","4.35","13763"
"Nick Wittgren","Indians","3","3","0","4.33","0","65","65.0","64","31","11","63","18","1.26","8.71","2.47","4.35","15594"
"Derek Law","Rangers","1","1","0","4.40","0","15","15.0","15","7","2","14","6","1.38","8.45","3.54","4.35","13133"
"Pablo Lopez","Marlins","8","11","0","4.27","28","28","158.0","159","75","21","126","45","1.29","7.15","2.55","4.35","17085"
"Jake Petricka","Blue Jays","0","0","0","4.52","0","10","10.0","11","5","1","8","4","1.43","7.26","3.22","4.35","10534"
"Brandon Workman","Red Sox","3","3","0","4.26","0","68","68.0","59","32","11","86","31","1.33","11.38","4.17","4.36","11428"
"Steve Cishek","White Sox","3","3","0","3.95","0","65","65.0","58","29","9","62","24","1.27","8.62","3.38","4.36","6483"
"Brad Brach","Mets","2","2","0","4.43","0","40","40.0","39","20","6","40","16","1.36","8.91","3.51","4.36","6627"
"Justin Anderson","Angels","2","1","0","4.20","0","35","35.0","31","16","5","39","18","1.39","9.98","4.52","4.36","16201"
"Rogelio Armenteros","Astros","1","0","0","4.11","0","10","10.0","9","5","1","11","4","1.31","10.05","3.89","4.36","17679"
"Chris Archer","Rays","9","13","0","4.50","31","31","179.0","174","90","28","196","71","1.37","9.84","3.55","4.36","6345"
"Jordan Montgomery","Yankees","3","2","0","4.10","6","16","48.0","45","22","7","45","17","1.30","8.44","3.22","4.36","16511"
"Taylor Widener","Diamondbacks","0","0","0","4.34","0","5","5.0","4","2","1","6","2","1.35","9.96","4.13","4.36","sa918271"
"Miles Mikolas","Cardinals","7","7","0","4.20","19","19","112.0","116","52","16","83","24","1.24","6.63","1.89","4.37","9803"
"Grant Dayton","Braves","2","1","0","4.30","0","35","35.0","32","17","6","40","12","1.27","10.21","3.08","4.37","11203"
"J.B. Wendelken","Athletics","2","1","0","4.24","0","35","35.0","32","16","5","38","14","1.30","9.67","3.55","4.37","14506"
"Carlos Estevez","Rockies","3","3","0","4.66","0","55","55.0","56","28","8","57","22","1.40","9.29","3.54","4.37","14542"
"MacKenzie Gore","Padres","2","2","0","4.22","5","5","28.0","26","13","4","27","10","1.27","8.60","3.06","4.37","sa3005068"
"Patrick Sandoval","Angels","4","4","0","4.25","11","11","66.0","63","31","10","65","25","1.32","8.90","3.36","4.37","19447"
"Shaun Anderson","Giants","2","3","0","4.45","0","60","60.0","61","30","7","50","22","1.39","7.49","3.36","4.38","19453"
"Robbie Ray","Diamondbacks","10","11","0","4.51","31","31","176.0","161","88","28","216","84","1.39","11.07","4.31","4.38","11486"
"Brandon Brennan","Mariners","2","3","0","4.20","0","60","60.0","57","28","7","59","27","1.40","8.80","4.08","4.38","13527"
"Matt Andriese","Angels","3","3","0","4.32","3","43","59.0","58","28","10","58","18","1.27","8.88","2.67","4.38","12022"
"Jerry Blevins","","0","0","0","4.36","0","5","5.0","5","2","1","5","2","1.34","9.61","3.90","4.38","7841"
"Edubray Ramos","","1","0","0","4.16","0","10","10.0","9","5","1","9","3","1.26","8.03","2.81","4.38","16086"
"Michael Pineda","Twins","8","7","0","4.49","23","23","130.0","132","65","22","123","34","1.28","8.52","2.32","4.38","5372"
"Ryan Brasier","Red Sox","1","1","0","4.35","0","25","25.0","24","12","4","25","9","1.30","9.03","3.09","4.39","5615"
"Jose Urquidy","Astros","11","8","0","4.26","28","28","159.0","153","75","28","155","41","1.22","8.76","2.32","4.40","18413"
"Paul Fry","Orioles","2","3","0","4.27","0","55","55.0","53","26","6","51","28","1.47","8.40","4.52","4.40","15832"
"Beau Burrows","Tigers","0","0","0","4.28","0","5","5.0","5","2","1","5","2","1.37","8.68","4.07","4.40","sa874682"
"Trevor Richards","Rays","2","1","0","4.14","0","35","35.0","32","16","5","34","13","1.29","8.87","3.30","4.40","19309"
"Mitch Keller","Pirates","8","11","0","4.60","26","26","150.0","151","77","21","143","58","1.39","8.58","3.46","4.40","17594"
"Andrew Suarez","Giants","0","1","0","4.60","0","10","10.0","11","5","1","8","4","1.43","7.07","3.21","4.40","18300"
"Ryan Yarbrough","Rays","8","7","0","4.23","21","21","122.0","121","57","19","102","30","1.24","7.54","2.25","4.41","16502"
"Devin Smeltzer","Twins","2","2","0","4.46","3","23","39.0","40","19","6","34","11","1.31","7.88","2.63","4.41","19487"
"Nestor Cortes","Mariners","1","1","0","3.90","0","15","15.0","13","6","2","15","6","1.25","9.01","3.49","4.41","17874"
"Jordan Romano","Blue Jays","2","2","0","4.22","0","35","35.0","30","16","5","39","17","1.34","10.03","4.27","4.41","16122"
"Tyler Anderson","Giants","2","2","0","4.42","6","6","37.0","36","18","5","35","13","1.33","8.48","3.20","4.41","12880"
"Ranger Suarez","Phillies","3","3","0","4.20","6","31","63.0","64","29","8","49","21","1.34","7.05","2.95","4.41","17277"
"Corey Oswalt","Mets","0","0","0","4.43","0","5","5.0","5","2","1","5","2","1.37","8.21","3.40","4.42","13677"
"Amir Garrett","Reds","3","3","0","4.22","0","68","68.0","60","32","9","77","34","1.39","10.13","4.55","4.42","14375"
"Alex Colome","White Sox","3","3","0","4.33","0","65","65.0","66","31","9","57","20","1.32","7.85","2.81","4.43","6661"
"Cody Ponce","Pirates","0","0","0","4.46","0","10","10.0","10","5","1","10","4","1.36","8.64","3.33","4.43","sa856266"
"Kyle Barraclough","","0","0","0","4.23","0","5","5.0","4","2","1","5","3","1.41","9.41","4.78","4.43","13713"
"Chris Devenski","Astros","3","2","0","4.31","0","60","60.0","56","29","11","62","17","1.22","9.28","2.60","4.44","12763"
"Garrett Richards","Padres","10","10","0","4.26","29","29","167.0","158","79","22","158","72","1.37","8.49","3.87","4.44","9784"
"Cody Reed","Reds","2","2","0","4.47","0","35","35.0","34","17","4","36","17","1.48","9.17","4.47","4.45","15232"
"Tommy Hunter","Phillies","3","2","0","4.26","0","55","55.0","55","26","9","47","14","1.25","7.73","2.35","4.45","1157"
"Austin Brice","Red Sox","2","1","0","4.38","0","30","30.0","29","15","5","29","10","1.29","8.77","2.92","4.45","17237"
"Matt Bowman","Reds","1","1","0","4.55","0","15","15.0","16","8","2","13","5","1.41","7.65","3.19","4.45","13528"
"Matt Wisler","Twins","2","1","0","4.61","0","35","35.0","35","18","6","33","11","1.32","8.58","2.75","4.45","12804"
"Evan Marshall","White Sox","3","3","0","4.51","0","60","60.0","62","30","8","52","24","1.43","7.82","3.55","4.46","12297"
"Brad Keller","Royals","10","12","0","4.37","31","31","179.0","185","87","19","125","68","1.42","6.27","3.43","4.46","15734"
"Logan Webb","Giants","5","7","0","4.53","18","18","101.0","104","51","13","84","39","1.42","7.49","3.51","4.46","17995"
"Adam Cimber","Indians","2","1","0","4.21","0","35","35.0","36","16","5","25","9","1.27","6.51","2.20","4.47","15288"
"Pedro Baez","Dodgers","4","2","0","4.12","0","68","68.0","60","31","11","67","24","1.24","8.81","3.21","4.47","5420"
"James Norwood","Cubs","0","0","0","4.53","0","10","10.0","9","5","1","11","5","1.42","9.89","4.47","4.47","16440"
"Kyle Crick","Pirates","3","3","0","4.30","0","65","65.0","57","31","7","71","37","1.44","9.77","5.09","4.47","13182"
"T.J. Zeuch","Blue Jays","0","0","0","4.23","0","5","5.0","5","2","1","4","2","1.36","6.91","3.34","4.47","19269"
"Kyle Ryan","Cubs","3","3","0","4.21","0","68","68.0","66","32","8","57","30","1.41","7.55","3.93","4.47","11753"
"Nick Ramirez","Tigers","1","1","0","4.11","0","20","20.0","19","9","2","17","9","1.36","7.55","3.86","4.48","12575"
"Austen Williams","Nationals","0","0","0","4.73","0","5","5.0","5","3","1","5","2","1.42","8.94","3.54","4.48","16309"
"Griffin Canning","Angels","9","8","0","4.20","24","24","138.0","124","64","23","143","49","1.25","9.30","3.18","4.48","19867"
"Jacob Waguespack","Blue Jays","3","3","0","4.42","2","42","49.0","48","24","6","44","21","1.40","8.09","3.80","4.49","18318"
"Jose Quintana","Cubs","10","11","0","4.64","31","31","178.0","187","92","25","148","61","1.39","7.49","3.10","4.49","11423"
"Blaine Hardy","Twins","0","0","0","4.28","0","5","5.0","5","2","1","4","2","1.32","7.02","2.95","4.49","6499"
"Sam Coonrod","Giants","2","2","0","4.42","0","40","40.0","37","20","4","38","21","1.44","8.62","4.70","4.49","17264"
"Danny Salazar","","6","6","0","4.32","11","41","96.0","86","46","17","115","40","1.32","10.75","3.78","4.49","5867"
"Carlos Rodon","White Sox","2","2","0","4.38","5","15","37.0","34","18","5","38","15","1.35","9.16","3.77","4.49","16137"
"Dylan Cease","White Sox","8","8","0","4.30","23","23","129.0","121","62","19","128","55","1.36","8.92","3.81","4.49","18525"
"Shane Greene","Braves","3","3","0","4.60","0","72","72.0","73","37","11","69","25","1.37","8.67","3.14","4.50","10756"
"Michael Lorenzen","Reds","3","3","0","4.39","0","65","65.0","64","32","9","58","24","1.36","8.03","3.31","4.51","14843"
"Dallas Keuchel","White Sox","13","10","0","4.11","32","32","197.0","197","90","26","147","66","1.34","6.71","3.02","4.51","9434"
"Kevin McCarthy","Royals","2","3","0","4.45","0","55","55.0","60","27","6","34","17","1.40","5.52","2.85","4.51","15240"
"Masahiro Tanaka","Yankees","12","10","0","4.21","31","31","180.0","177","84","30","154","44","1.23","7.71","2.19","4.51","15764"
"Sal Romano","Reds","0","0","0","4.82","0","5","5.0","5","3","1","4","2","1.46","7.85","3.46","4.52","13690"
"Domingo German","Yankees","6","6","0","4.26","15","25","95.0","87","45","17","101","31","1.24","9.56","2.95","4.52","17149"
"Tony Gonsolin","Dodgers","3","2","0","4.31","5","15","38.0","35","18","6","36","14","1.30","8.61","3.33","4.53","19388"
"Kelvin Herrera","White Sox","2","2","0","4.40","0","50","50.0","50","24","8","45","14","1.26","8.19","2.47","4.53","6033"
"Madison Bumgarner","Diamondbacks","11","12","0","4.59","32","32","196.0","199","100","33","177","54","1.29","8.13","2.47","4.53","5524"
"John Gant","Cardinals","3","3","0","4.40","0","65","65.0","63","32","8","57","30","1.43","7.96","4.18","4.53","13684"
"Jared Hughes","","1","1","0","4.10","0","15","15.0","15","7","2","11","5","1.33","6.84","3.24","4.54","9325"
"Jacob Barnes","","0","0","0","4.27","0","5","5.0","5","2","1","4","2","1.33","8.01","3.31","4.54","12323"
"Tyler Olson","","0","0","0","4.72","0","5","5.0","5","3","1","5","2","1.47","8.11","3.88","4.54","14741"
"Logan Allen","Indians","6","7","0","4.58","16","31","109.0","110","55","15","97","43","1.40","7.98","3.54","4.54","18555"
"Matt Hall","Red Sox","4","5","0","4.61","11","21","76.0","76","39","11","73","32","1.42","8.64","3.78","4.55","18076"
"Kevin Quackenbush","Nationals","0","0","0","4.68","0","5","5.0","5","3","1","5","2","1.38","9.53","3.57","4.55","12360"
"Dan Otero","Yankees","0","0","0","4.43","0","5","5.0","6","2","1","3","1","1.29","5.40","1.40","4.55","7385"
"Yoshihisa Hirano","Mariners","2","3","0","4.23","0","60","60.0","56","28","9","59","23","1.33","8.83","3.49","4.55","19756"
"Taylor Williams","Mariners","0","0","0","4.52","0","5","5.0","5","3","1","5","2","1.37","8.50","3.52","4.57","14899"
"Steven Matz","Mets","9","10","0","4.46","24","34","151.0","148","75","23","137","55","1.34","8.18","3.28","4.57","13361"
"Trent Thornton","Blue Jays","5","6","0","4.65","10","45","91.0","93","47","15","85","30","1.35","8.38","2.92","4.57","17948"
"Alex Wilson","","1","1","0","4.45","0","30","30.0","31","15","4","23","8","1.31","6.75","2.43","4.58","9239"
"Franklyn Kilome","Mets","0","0","0","4.43","0","5","5.0","5","2","1","5","3","1.46","9.17","4.98","4.58","sa830592"
"Scott Barlow","Royals","3","3","0","4.63","0","65","65.0","60","33","9","74","34","1.45","10.19","4.74","4.58","14993"
"Cy Sneed","Astros","1","0","0","4.46","0","10","10.0","10","5","1","10","4","1.39","8.68","3.77","4.58","16106"
"Hector Rondon","Diamondbacks","3","3","0","4.66","0","60","60.0","62","31","9","48","19","1.35","7.14","2.83","4.58","2391"
"Greg Holland","","2","2","0","4.44","0","50","50.0","46","25","6","49","26","1.44","8.79","4.62","4.58","7196"
"Jake Newberry","Royals","0","0","0","4.52","0","10","10.0","10","5","1","9","4","1.36","7.91","3.48","4.58","15136"
"Jairo Diaz","Rockies","3","3","0","5.09","0","65","65.0","70","37","9","66","32","1.57","9.11","4.44","4.58","12774"
"Colten Brewer","Red Sox","2","2","0","4.63","0","40","40.0","41","21","5","37","17","1.45","8.34","3.91","4.58","12997"
"Arodys Vizcaino","","2","2","0","4.33","0","30","30.0","27","14","5","32","13","1.34","9.52","3.99","4.59","5498"
"Jacob Rhame","Mets","0","0","0","4.34","0","5","5.0","5","2","1","5","2","1.28","9.21","3.32","4.59","15267"
"Sean Newcomb","Braves","7","8","0","4.43","18","38","123.0","116","61","16","114","58","1.42","8.31","4.26","4.59","16943"
"Joey Lucchesi","Padres","11","11","0","4.37","32","32","188.0","180","91","29","171","67","1.31","8.21","3.20","4.60","19320"
"Zack Brown","Brewers","0","0","0","4.37","0","5","5.0","5","2","1","4","2","1.41","7.88","3.99","4.60","sa738901"
"Kwang-hyun Kim","","5","6","0","4.56","13","38","100.0","102","51","16","88","33","1.35","7.91","2.99","4.60","27458"
"Taylor Cole","Angels","1","1","0","4.81","0","20","20.0","21","11","3","21","8","1.45","9.25","3.76","4.60","11964"
"Luke Gregerson","","1","2","0","4.40","0","25","25.0","25","12","4","21","8","1.32","7.72","2.99","4.60","4090"
"Julian Merryweather","Blue Jays","1","1","0","4.66","0","15","15.0","15","8","3","15","5","1.34","9.03","2.96","4.60","sa829363"
"Sergio Romo","Twins","4","3","0","4.43","0","67","67.0","64","33","12","65","21","1.27","8.67","2.76","4.60","9817"
"Joe Biagini","Astros","1","1","0","4.62","0","25","25.0","26","13","4","21","9","1.40","7.48","3.16","4.61","13194"
"Jorge Alcala","Twins","0","0","0","4.39","0","5","5.0","4","2","1","5","2","1.39","9.16","4.41","4.61","19459"
"Jose Alvarez","Phillies","3","3","0","4.55","0","65","65.0","69","33","10","54","19","1.36","7.44","2.70","4.61","5358"
"Michael Kopech","White Sox","6","6","0","4.52","16","16","92.0","85","46","15","100","40","1.35","9.75","3.87","4.61","17282"
"Edgar Santana","Pirates","1","1","0","4.67","0","25","25.0","27","13","4","20","8","1.37","7.37","2.77","4.61","17355"
"Zach Duke","","2","2","0","4.31","0","30","30.0","29","14","4","26","13","1.43","7.66","4.00","4.62","3840"
"Alex Young","Diamondbacks","2","2","0","4.61","3","23","39.0","39","20","6","34","15","1.40","7.73","3.51","4.62","18333"
"Dylan Bundy","Angels","11","10","0","4.31","31","31","175.0","159","84","32","180","56","1.23","9.28","2.87","4.62","12917"
"Cory Gearrin","","1","0","0","4.70","0","10","10.0","10","5","1","8","4","1.41","7.48","3.48","4.62","7947"
"Martin Perez","Red Sox","10","10","0","4.59","29","29","165.0","174","84","22","127","61","1.42","6.91","3.30","4.62","6902"
"AJ Ramos","","1","2","0","4.25","0","25","25.0","21","12","4","27","12","1.35","9.79","4.47","4.63","8350"
"James Hoyt","Indians","1","1","0","4.66","0","25","25.0","25","13","4","27","10","1.39","9.57","3.64","4.63","14605"
"Mike Minor","Rangers","11","12","0","4.40","32","32","201.0","190","98","35","192","66","1.28","8.60","2.95","4.63","10021"
"Marco Gonzales","Mariners","10","13","0","4.41","32","32","192.0","199","94","30","142","51","1.30","6.67","2.38","4.63","15467"
"Adam Morgan","Phillies","3","2","0","4.51","0","60","60.0","60","30","10","58","20","1.32","8.71","2.96","4.63","12580"
"Duane Underwood Jr.","Cubs","1","1","0","4.52","0","15","15.0","14","8","2","15","7","1.42","8.77","4.22","4.64","14677"
"Heath Hembree","Red Sox","3","2","0","4.66","0","60","60.0","58","31","11","65","21","1.32","9.71","3.19","4.64","11632"
"Felix Pena","Angels","0","0","0","4.37","0","10","10.0","9","5","2","11","4","1.29","9.52","3.38","4.65","13403"
"Tyler Lyons","Yankees","0","0","0","4.45","0","5","5.0","5","2","1","5","2","1.30","9.71","3.17","4.65","11334"
"Jason Adam","","0","0","0","4.72","0","5","5.0","5","3","1","5","2","1.39","9.48","3.92","4.65","11861"
"Aaron Sanchez","","3","3","0","4.35","5","20","43.0","41","21","5","37","20","1.40","7.75","4.11","4.65","11490"
"Austin Gomber","Cardinals","2","2","0","4.45","5","10","33.0","32","16","5","29","12","1.35","7.92","3.37","4.65","16561"
"Richard Rodriguez","Pirates","3","3","0","4.41","0","67","67.0","64","33","11","65","23","1.29","8.78","3.11","4.66","13549"
"Jose De Leon","Reds","2","2","0","4.63","0","35","35.0","32","18","6","42","16","1.39","10.71","4.22","4.66","15463"
"Paul Sewald","Mets","1","1","0","4.69","0","15","15.0","15","8","3","15","5","1.35","8.71","3.21","4.66","13892"
"Dakota Hudson","Cardinals","10","11","0","4.45","29","29","169.0","173","84","18","122","75","1.47","6.50","3.99","4.66","19206"
"Ryan Weber","Red Sox","1","1","0","4.83","0","20","20.0","22","11","3","15","6","1.38","6.73","2.49","4.67","10160"
"Ryne Harper","Nationals","1","1","0","4.89","0","15","15.0","16","8","2","14","5","1.42","8.35","3.20","4.67","12680"
"Aaron Civale","Indians","9","9","0","4.48","26","26","149.0","152","74","24","116","40","1.29","7.02","2.42","4.67","19479"
"Kyle Gibson","Rangers","10","12","0","4.58","31","31","176.0","179","90","27","159","69","1.41","8.11","3.53","4.67","10123"
"Anthony DeSclafani","Reds","9","10","0","4.68","28","28","156.0","160","81","28","146","48","1.33","8.43","2.77","4.68","13050"
"Eric Lauer","Brewers","9","10","0","4.68","28","28","160.0","163","83","26","145","56","1.37","8.14","3.15","4.68","19316"
"Xavier Cedeno","","1","2","0","4.48","0","25","25.0","25","12","3","22","11","1.44","7.93","3.96","4.68","36"
"Cody Anderson","","0","0","0","4.46","0","5","5.0","5","2","1","5","2","1.32","8.54","2.99","4.68","12799"
"Evan Phillips","Orioles","1","1","0","4.54","0","25","25.0","23","13","4","27","13","1.44","9.78","4.62","4.68","17734"
"Aaron Barrett","Nationals","1","1","0","4.61","0","25","25.0","24","13","4","24","11","1.40","8.76","3.88","4.68","11243"
"Ryan Cook","Marlins","0","0","0","4.52","0","10","10.0","9","5","1","10","5","1.43","8.67","4.43","4.68","8855"
"Tyler Clippard","Twins","3","2","0","4.17","0","55","55.0","46","25","10","58","20","1.20","9.47","3.34","4.69","5640"
"Yimi Garcia","Marlins","2","3","0","4.34","0","55","55.0","51","27","11","54","14","1.18","8.83","2.22","4.69","12095"
"Cole Hamels","Braves","9","9","0","4.61","26","26","148.0","144","76","23","140","58","1.36","8.54","3.52","4.69","4972"
"Tyler Alexander","Tigers","2","4","0","4.82","5","30","53.0","58","28","9","42","12","1.33","7.11","2.06","4.69","17735"
"Jeff Brigham","Marlins","2","3","0","4.70","0","50","50.0","48","26","7","50","24","1.43","9.05","4.32","4.70","16631"
"Luke Bard","Angels","1","1","0","4.48","0","15","15.0","14","7","2","15","6","1.33","9.02","3.56","4.70","14288"
"Tyler Webb","Cardinals","2","2","0","4.43","0","50","50.0","48","25","8","45","19","1.35","8.08","3.46","4.70","14974"
"Jose Suarez","Angels","3","3","0","4.49","8","13","52.0","50","26","8","50","20","1.34","8.57","3.46","4.71","19911"
"Luis Perdomo","Padres","1","1","0","4.83","0","20","20.0","22","11","3","15","7","1.45","6.87","3.17","4.71","14682"
"Jalen Beeks","Rays","1","1","0","4.45","0","15","15.0","14","7","2","14","7","1.40","8.53","4.00","4.71","17192"
"Brandon Morrow","","1","1","0","4.70","0","30","30.0","31","16","5","27","11","1.40","8.12","3.29","4.71","9346"
"Kyle Finnegan","Nationals","0","0","0","4.60","0","10","10.0","9","5","2","11","5","1.43","9.78","4.44","4.71","sa708446"
"Erik Swanson","Mariners","3","5","0","4.33","5","50","73.0","68","35","13","70","23","1.26","8.58","2.88","4.71","16587"
"Jonny Venters","","2","2","0","4.22","0","30","30.0","29","14","3","26","17","1.54","7.77","5.23","4.72","7175"
"Cal Quantrill","Padres","4","5","0","4.84","10","20","66.0","70","35","10","52","22","1.39","7.14","2.96","4.72","19312"
"Alec Mills","Cubs","3","4","0","4.80","8","23","62.0","64","33","9","52","23","1.41","7.60","3.35","4.72","13834"
"Hunter Wood","Indians","2","2","0","4.37","0","45","45.0","41","22","7","44","18","1.31","8.71","3.52","4.72","15091"
"Wade Davis","Rockies","3","3","0","5.12","0","65","65.0","67","37","9","63","31","1.52","8.75","4.31","4.73","7441"
"Ryne Stanek","Marlins","2","3","0","4.58","0","65","65.0","60","33","10","70","33","1.42","9.69","4.51","4.73","15947"
"Robert Stock","Phillies","1","1","0","4.47","0","25","25.0","23","12","3","26","13","1.46","9.33","4.79","4.73","6576"
"Wandy Peralta","Giants","1","1","0","4.73","0","20","20.0","21","11","2","15","9","1.50","6.57","3.94","4.73","14295"
"Jesse Hahn","Royals","5","8","0","4.83","16","31","109.0","115","58","14","84","46","1.48","6.95","3.82","4.73","13287"
"Matt Albers","","2","2","0","4.40","0","30","30.0","29","15","5","28","12","1.34","8.36","3.47","4.73","4300"
"Rick Porcello","Mets","10","11","0","4.62","29","29","167.0","171","86","28","138","46","1.30","7.42","2.46","4.73","2717"
"Patrick Weigel","Braves","0","0","0","4.30","0","5","5.0","4","2","1","5","2","1.36","9.05","4.45","4.73","sa829466"
"Zach Plesac","Indians","8","8","0","4.48","23","23","130.0","128","65","21","107","39","1.29","7.40","2.73","4.73","19979"
"Ryan Buchter","","1","1","0","4.20","0","25","25.0","21","12","4","27","11","1.27","9.66","3.92","4.74","9456"
"Bernardo Flores","White Sox","1","1","0","4.60","2","7","14.0","15","7","2","11","4","1.34","6.92","2.53","4.74","sa874080"
"Thomas Pannone","Blue Jays","3","2","0","4.40","0","50","50.0","46","24","9","50","19","1.30","8.93","3.45","4.74","17281"
"Kyle Dowdy","Indians","0","0","0","4.79","0","5","5.0","5","3","1","5","2","1.43","8.26","3.69","4.74","19285"
"Jose Cisnero","Tigers","3","3","0","4.93","0","65","65.0","64","36","10","67","31","1.48","9.25","4.36","4.75","6399"
"Mike Foltynewicz","Braves","11","11","0","4.62","31","31","180.0","178","92","29","161","64","1.34","8.04","3.22","4.75","10811"
"Forrest Whitley","Astros","4","3","0","4.59","10","10","56.0","52","29","9","59","26","1.39","9.53","4.12","4.75","sa917930"
"Robbie Erlin","Pirates","1","2","0","5.12","3","13","29.0","33","16","5","23","8","1.43","7.12","2.45","4.76","10354"
"Genesis Cabrera","Cardinals","2","2","0","4.44","2","22","29.0","27","14","4","26","14","1.40","8.16","4.22","4.76","17490"
"Nate Jones","","1","1","0","4.67","0","30","30.0","31","16","5","27","10","1.35","8.03","2.92","4.76","4696"
"Yusmeiro Petit","Athletics","4","3","0","4.33","0","72","72.0","70","35","14","62","14","1.17","7.80","1.80","4.76","4020"
"David Phelps","Brewers","3","3","0","4.74","0","65","65.0","65","34","11","65","26","1.40","8.98","3.60","4.77","6316"
"Clay Holmes","Pirates","2","2","0","4.54","0","45","45.0","43","23","4","42","30","1.60","8.33","5.92","4.77","13649"
"Elieser Hernandez","Marlins","5","8","0","4.50","13","53","115.0","108","58","20","112","41","1.29","8.75","3.20","4.77","16933"
"Jimmy Cordero","White Sox","2","2","0","4.50","0","35","35.0","34","18","4","31","18","1.46","7.87","4.53","4.77","15690"
"Daniel Ponce de Leon","Cardinals","2","3","0","4.30","6","16","48.0","42","23","6","44","25","1.39","8.31","4.61","4.78","16110"
"Rafael Montero","Rangers","3","3","0","4.84","0","60","60.0","58","32","9","62","31","1.49","9.23","4.68","4.78","12760"
"Trevor Williams","Pirates","8","12","0","4.72","29","29","165.0","172","87","25","122","53","1.37","6.68","2.91","4.78","16977"
"J.A. Happ","Yankees","9","9","0","4.44","23","38","147.0","142","72","26","137","52","1.31","8.38","3.16","4.78","7410"
"Tyler Beede","Giants","3","6","0","4.93","11","26","81.0","82","44","11","76","39","1.49","8.42","4.31","4.78","16981"
"Daniel Hudson","Nationals","3","3","0","4.66","0","67","67.0","64","35","10","63","28","1.38","8.45","3.72","4.78","7146"
"Kyle Wright","Braves","4","5","0","4.80","11","16","71.0","73","38","10","60","28","1.42","7.59","3.61","4.78","19665"
"Johnny Cueto","Giants","8","12","0","4.81","29","29","171.0","180","91","26","133","56","1.38","6.98","2.93","4.79","6893"
"Walker Lockett","Mets","1","1","0","4.69","2","12","19.0","20","10","3","14","6","1.35","6.55","2.66","4.79","13804"
"Daniel Norris","Tigers","8","12","0","4.93","28","28","160.0","168","88","27","139","54","1.39","7.84","3.01","4.79","13475"
"Daniel Mengden","Athletics","3","2","0","4.37","5","20","43.0","42","21","6","31","14","1.29","6.54","2.85","4.79","16980"
"Brad Peacock","Astros","4","3","0","4.52","3","48","64.0","59","32","12","70","26","1.32","9.87","3.61","4.79","5401"
"Nick Pivetta","Phillies","5","5","0","4.63","10","40","86.0","85","44","15","84","32","1.37","8.75","3.40","4.80","15454"
"Taijuan Walker","Mariners","6","9","0","4.41","21","21","120.0","114","59","20","109","44","1.32","8.15","3.27","4.80","11836"
"Anthony Swarzak","Phillies","1","1","0","4.61","0","15","15.0","15","8","3","14","5","1.36","8.33","3.24","4.80","7466"
"Jeanmar Gomez","","1","1","0","4.77","0","20","20.0","21","11","3","17","7","1.41","7.60","3.28","4.80","9033"
"Fernando Rodney","","2","2","0","4.68","0","30","30.0","29","16","4","31","16","1.50","9.20","4.88","4.81","494"
"Merrill Kelly","Diamondbacks","6","7","0","5.02","13","48","110.0","118","61","17","91","40","1.43","7.48","3.28","4.81","11156"
"Brady Singer","Royals","4","5","0","5.16","13","13","75.0","85","43","11","54","26","1.48","6.48","3.08","4.81","sa3008613"
"Jake Faria","Brewers","0","0","0","4.61","0","10","10.0","9","5","2","10","5","1.42","9.21","4.57","4.82","13699"
"Chris Rusin","","0","0","0","4.72","0","5","5.0","5","3","1","4","2","1.41","6.46","2.99","4.82","9895"
"Richard Bleier","Orioles","2","3","0","4.76","0","65","65.0","76","34","9","35","16","1.41","4.80","2.18","4.82","7803"
"Enderson Franco","Giants","0","0","0","5.26","0","5","5.0","5","3","1","4","2","1.52","7.99","4.02","4.83","11896"
"Brett Cecil","Cardinals","1","1","0","4.92","0","25","25.0","28","14","4","18","8","1.43","6.43","2.91","4.83","2660"
"Mike Mayers","Angels","2","2","0","4.89","0","45","45.0","46","24","8","44","18","1.41","8.81","3.56","4.83","15451"
"Nick Neidert","Marlins","2","3","0","4.74","6","11","43.0","45","23","7","35","13","1.35","7.28","2.78","4.83","sa874797"
"Tanner Roark","Blue Jays","10","12","0","4.62","31","31","180.0","181","92","31","152","57","1.32","7.62","2.83","4.84","8753"
"James Pazos","Rockies","2","2","0","5.27","0","40","40.0","45","23","5","33","18","1.58","7.33","4.16","4.84","13323"
"David Hernandez","Nationals","0","0","0","4.90","0","5","5.0","5","3","1","5","2","1.37","8.96","3.12","4.84","4259"
"Jon Lester","Cubs","10","12","0","4.99","31","31","175.0","186","97","28","147","66","1.44","7.58","3.42","4.84","4930"
"Jarlin Garcia","Giants","2","3","0","4.70","0","55","55.0","56","29","8","42","20","1.39","6.92","3.24","4.84","18282"
"Tyler Mahle","Reds","3","4","0","4.74","8","18","57.0","58","30","10","53","20","1.37","8.38","3.09","4.84","16358"
"Josh D. Smith","Reds","0","0","0","4.70","0","5","5.0","5","3","1","6","3","1.50","9.93","5.33","4.85","13629"
"Dovydas Neverauskas","Pirates","1","2","0","4.95","0","30","30.0","30","16","5","31","15","1.50","9.23","4.40","4.85","11604"
"Casey Sadler","Cubs","2","2","0","4.83","0","35","35.0","37","19","5","28","13","1.42","7.18","3.24","4.85","11209"
"Hansel Robles","Angels","3","3","0","4.61","0","65","65.0","59","33","12","70","29","1.35","9.69","3.95","4.85","11801"
"Mike Montgomery","Royals","8","11","0","4.93","28","28","160.0","176","88","23","114","57","1.45","6.41","3.19","4.85","4869"
"Homer Bailey","Twins","8","8","0","5.00","23","23","132.0","143","73","22","108","43","1.41","7.33","2.91","4.85","8362"
"Vince Velasquez","Phillies","7","8","0","4.67","16","56","134.0","128","70","24","138","53","1.36","9.28","3.59","4.86","11189"
"Sandy Alcantara","Marlins","9","13","0","4.68","31","31","185.0","186","96","25","140","75","1.41","6.80","3.65","4.87","18684"
"Luis Cessa","Yankees","2","2","0","4.77","0","40","40.0","41","21","7","36","14","1.39","8.06","3.25","4.87","13345"
"Chris Mazza","Red Sox","0","0","0","4.91","0","5","5.0","5","3","1","4","2","1.48","7.02","3.64","4.87","14151"
"Juan Nicasio","","1","1","0","5.06","0","15","15.0","16","8","3","14","5","1.40","8.15","2.87","4.87","7731"
"Wilmer Font","Blue Jays","2","2","0","4.64","0","45","45.0","43","23","9","46","15","1.30","9.20","3.04","4.87","5257"
"Matt Shoemaker","Blue Jays","8","9","0","4.71","24","24","139.0","137","73","26","131","47","1.33","8.46","3.04","4.88","4776"
"Zack Godley","Tigers","1","1","0","4.72","0","20","20.0","20","10","3","17","9","1.45","7.47","3.93","4.88","14862"
"Lucas Sims","Reds","3","3","0","4.69","2","47","54.0","47","28","9","65","30","1.43","10.81","5.02","4.88","13470"
"Caleb Smith","Marlins","9","13","0","4.61","31","31","179.0","164","92","33","184","71","1.31","9.27","3.57","4.88","14875"
"Adam Wainwright","Cardinals","8","11","0","4.92","28","28","155.0","166","85","23","122","60","1.46","7.10","3.50","4.88","2233"
"Buck Farmer","Tigers","3","4","0","5.05","0","65","65.0","67","36","11","62","28","1.47","8.62","3.89","4.88","14814"
"Ariel Jurado","Rangers","1","1","0","4.87","2","7","14.0","16","8","2","9","4","1.39","5.74","2.47","4.88","17030"
"Mike Morin","Brewers","0","0","0","4.85","0","10","10.0","11","5","2","7","3","1.36","6.42","2.49","4.88","13442"
"Drew Smyly","Giants","6","10","0","4.87","23","23","132.0","127","71","23","133","57","1.39","9.06","3.87","4.89","11760"
"Michael Wacha","Mets","5","6","0","4.80","10","40","86.0","89","46","13","71","34","1.42","7.40","3.56","4.89","14078"
"Yohander Mendez","Rangers","0","0","0","4.42","0","10","10.0","9","5","2","10","5","1.36","8.85","4.05","4.89","14391"
"Sam Gaviglio","Blue Jays","3","3","0","4.80","0","55","55.0","58","29","10","48","16","1.34","7.79","2.68","4.89","12778"
"Jordan Yamamoto","Marlins","6","10","0","4.79","24","24","138.0","136","73","22","125","56","1.40","8.13","3.68","4.89","17585"
"Jakob Junis","Royals","9","13","0","4.90","31","31","180.0","189","98","33","158","54","1.35","7.90","2.71","4.89","13619"
"Blake Parker","Phillies","1","1","0","4.64","0","15","15.0","15","8","3","15","5","1.32","8.82","3.05","4.89","5224"
"Jesse Chavez","Rangers","3","3","0","4.92","0","65","65.0","71","36","13","57","18","1.36","7.85","2.44","4.89","5448"
"Blake Wood","","2","2","0","4.96","0","30","30.0","30","17","5","30","15","1.50","8.99","4.42","4.89","1345"
"Danny Duffy","Royals","9","13","0","4.89","31","31","177.0","180","96","29","154","70","1.41","7.85","3.55","4.89","3542"
"Adam Conley","Marlins","2","3","0","4.83","0","55","55.0","56","30","7","44","25","1.48","7.23","4.12","4.90","14457"
"Brett Anderson","Brewers","8","10","0","4.98","26","26","147.0","170","81","21","84","43","1.45","5.16","2.64","4.90","8223"
"Michael Rucker","Orioles","1","2","0","4.74","0","35","35.0","35","18","7","34","12","1.34","8.72","3.13","4.90","sa919117"
"Parker Dunshee","Athletics","1","1","0","4.52","2","2","9.0","9","5","2","7","3","1.28","7.36","2.85","4.91","sa873274"
"Zach Eflin","Phillies","9","9","0","4.61","26","26","148.0","152","76","26","114","42","1.31","6.91","2.53","4.91","13774"
"Dillon Tate","Orioles","1","1","0","4.60","0","25","25.0","25","13","4","22","10","1.40","7.78","3.73","4.91","17796"
"Austin Pruitt","Astros","4","3","0","4.98","8","23","62.0","69","34","11","51","17","1.38","7.35","2.47","4.91","15290"
"Luis Garcia","","1","1","0","4.82","0","30","30.0","31","16","4","25","14","1.49","7.52","4.07","4.91","6984"
"Sean Reid-Foley","Blue Jays","2","2","0","4.70","2","27","34.0","32","18","5","36","18","1.45","9.49","4.68","4.91","17034"
"Shawn Armstrong","Orioles","1","2","0","4.90","0","40","40.0","39","22","7","41","20","1.45","9.27","4.41","4.92","12857"
"Cole Irvin","Phillies","1","1","0","4.65","3","8","24.0","25","12","4","17","7","1.33","6.25","2.47","4.92","19244"
"Reynaldo Lopez","White Sox","9","10","0","4.70","28","28","159.0","156","83","28","139","56","1.34","7.90","3.19","4.92","16400"
"Tony Cingrani","","1","2","0","4.45","0","25","25.0","22","12","4","26","11","1.35","9.53","4.10","4.92","12555"
"Adbert Alzolay","Cubs","2","2","0","4.71","5","10","33.0","32","17","6","31","14","1.37","8.44","3.70","4.92","17859"
"Trevor Cahill","","0","1","0","5.05","0","10","10.0","10","6","1","9","5","1.50","7.80","4.25","4.93","6249"
"Justin Shafer","Reds","0","0","0","4.81","0","5","5.0","5","3","1","5","2","1.47","8.30","4.48","4.94","16132"
"Derek Holland","Pirates","1","1","0","4.94","0","15","15.0","15","8","2","14","7","1.48","8.33","4.20","4.94","4141"
"Jake Arrieta","Phillies","10","10","0","4.54","29","29","166.0","164","84","26","127","62","1.36","6.89","3.35","4.94","4153"
"Burch Smith","Athletics","0","0","0","4.66","0","10","10.0","9","5","2","10","5","1.42","9.06","4.53","4.95","12784"
"Addison Reed","","1","2","0","4.74","0","25","25.0","26","13","5","22","6","1.27","7.86","2.14","4.95","10586"
"Joe Ross","Nationals","5","7","0","5.08","15","25","95.0","103","54","15","74","35","1.46","7.00","3.33","4.95","12972"
"Josh Lindblom","Brewers","10","11","0","4.79","29","29","174.0","175","93","34","158","53","1.31","8.19","2.74","4.95","7882"
"Jose Urena","Marlins","6","10","0","4.81","19","39","133.0","141","71","20","94","44","1.39","6.38","2.96","4.96","11589"
"Travis Lakins","Orioles","0","0","0","4.77","0","5","5.0","5","3","1","4","2","1.45","8.03","4.25","4.97","18600"
"Jhoulys Chacin","Twins","2","2","0","4.81","5","5","28.0","28","15","4","23","11","1.40","7.33","3.58","4.97","2608"
"Jordan Lyles","Rangers","8","11","0","4.86","24","29","146.0","148","79","27","135","53","1.37","8.31","3.26","4.98","7593"
"Jharel Cotton","Cubs","0","0","0","4.68","0","5","5.0","5","3","1","5","2","1.35","8.64","3.57","4.98","13654"
"Tyler Chatwood","Cubs","8","10","0","4.70","23","33","142.0","136","74","16","123","89","1.59","7.79","5.67","4.98","4338"
"Chad Kuhl","Pirates","5","8","0","5.07","19","19","110.0","115","62","18","96","45","1.45","7.87","3.64","4.98","14975"
"Daniel Gossett","Athletics","1","1","0","4.70","3","3","18.0","18","9","3","14","6","1.37","7.05","3.22","4.98","16164"
"Steven Brault","Pirates","6","10","0","4.93","19","34","128.0","130","70","17","107","65","1.52","7.50","4.55","4.98","15291"
"Zach Davies","Padres","9","11","0","4.92","28","28","160.0","174","87","23","98","56","1.44","5.51","3.14","4.98","13183"
"JT Brubaker","Pirates","1","1","0","5.05","3","3","19.0","21","11","3","14","7","1.44","6.85","3.24","4.98","sa875176"
"Kyle Freeland","Rockies","8","11","0","5.21","28","28","157.0","178","91","25","115","57","1.49","6.58","3.24","4.98","16256"
"Josh Osich","Red Sox","1","1","0","4.93","0","25","25.0","26","14","4","22","10","1.44","7.80","3.56","4.99","11528"
"Jerad Eickhoff","","0","0","0","4.86","0","5","5.0","5","3","1","4","2","1.34","7.77","2.96","4.99","12664"
"Ryan Borucki","Blue Jays","2","2","0","4.80","5","5","28.0","29","15","5","22","10","1.40","7.08","3.36","4.99","16350"
"Jaime Barria","Angels","2","2","0","4.59","5","15","38.0","37","19","7","33","12","1.28","7.87","2.82","5.00","18356"
"Tyson Ross","","3","5","0","5.04","11","11","64.0","69","36","9","47","27","1.49","6.57","3.74","5.00","7872"
"Thomas Hatch","Blue Jays","0","0","0","4.93","0","5","5.0","5","3","1","5","2","1.46","8.76","4.36","5.00","sa738514"
"Kendall Graveman","Mariners","6","10","0","4.61","23","23","130.0","133","67","21","96","44","1.36","6.67","3.08","5.01","15514"
"Junior Guerra","Diamondbacks","3","3","0","4.73","0","65","65.0","62","34","10","58","30","1.42","7.98","4.18","5.01","5702"
"Tanner Rainey","Nationals","3","2","0","4.65","0","60","60.0","49","31","9","77","45","1.57","11.60","6.74","5.02","17610"
"Gio Gonzalez","White Sox","8","9","0","4.83","24","24","139.0","138","75","21","121","66","1.47","7.83","4.29","5.02","7448"
"Nick Goody","Rangers","2","2","0","4.65","0","40","40.0","36","21","8","45","16","1.30","10.04","3.67","5.02","13685"
"Dereck Rodriguez","Giants","1","1","0","4.88","0","20","20.0","20","11","3","16","8","1.40","7.30","3.45","5.02","14509"
"Chris Stratton","Pirates","1","2","0","5.47","0","40","40.0","46","24","6","33","17","1.58","7.40","3.94","5.03","13761"
"Dan Winkler","Cubs","1","1","0","4.80","0","25","25.0","24","13","4","24","11","1.41","8.50","4.08","5.03","12237"
"Bud Norris","","0","0","0","5.08","0","5","5.0","5","3","1","5","2","1.45","9.27","3.79","5.04","9492"
"Hunter Strickland","Nationals","1","1","0","4.85","0","30","30.0","30","16","5","25","11","1.38","7.51","3.37","5.04","7836"
"Dillon Peters","Angels","1","1","0","4.87","2","7","14.0","15","8","2","11","5","1.40","7.21","3.13","5.04","18790"
"Zac Lowther","Orioles","1","2","0","4.87","5","5","28.0","28","15","5","25","12","1.41","8.04","3.76","5.04","sa915645"
"Wade Miley","Reds","9","11","0","5.06","28","28","160.0","175","90","25","121","62","1.48","6.82","3.49","5.04","8779"
"Kyle Zimmer","Royals","1","1","0","5.07","0","20","20.0","20","11","3","18","10","1.53","8.20","4.70","5.05","14169"
"Mike Leake","Diamondbacks","9","11","0","5.12","29","29","174.0","204","99","30","97","36","1.38","5.02","1.86","5.05","10130"
"Kohl Stewart","Orioles","2","4","0","5.00","6","21","53.0","57","29","7","37","24","1.52","6.25","4.03","5.05","15502"
"Bryan Shaw","Rockies","2","2","0","5.40","0","40","40.0","46","24","6","31","16","1.53","7.00","3.51","5.05","8110"
"Miguel Castro","Orioles","2","3","0","4.50","0","55","55.0","51","28","8","46","25","1.37","7.59","4.09","5.05","15684"
"Taylor Clarke","Diamondbacks","1","1","0","4.94","2","14","21.0","21","12","4","17","8","1.39","7.17","3.27","5.06","17611"
"Yacksel Rios","Pirates","1","1","0","4.98","0","25","25.0","25","14","4","22","13","1.51","8.07","4.61","5.06","15007"
"Hector Velazquez","Red Sox","2","3","0","5.12","6","11","43.0","46","24","7","34","16","1.46","7.03","3.40","5.06","19341"
"Andrew Cashner","","5","6","0","4.83","8","43","82.0","84","44","13","63","33","1.43","6.90","3.67","5.07","8782"
"Anthony Bass","Blue Jays","3","3","0","5.06","0","65","65.0","69","37","11","58","27","1.48","8.01","3.77","5.07","7982"
"Alex Faedo","Tigers","1","2","0","4.81","3","8","24.0","23","13","5","22","8","1.31","8.36","3.00","5.08","sa829855"
"Chance Adams","Royals","0","0","0","4.72","0","10","10.0","9","5","2","9","5","1.44","8.21","4.61","5.08","18135"
"Manny Banuelos","White Sox","0","0","0","4.82","0","5","5.0","5","3","1","5","3","1.53","9.11","5.27","5.08","5365"
"Jonathan Hernandez","Rangers","1","1","0","4.84","0","20","20.0","19","11","3","20","11","1.49","8.99","4.88","5.08","17464"
"Yoan Lopez","Diamondbacks","2","2","0","4.89","0","40","40.0","40","22","7","34","16","1.40","7.62","3.67","5.08","17181"
"Justus Sheffield","Mariners","7","10","0","4.83","24","24","140.0","140","75","23","120","65","1.46","7.72","4.15","5.08","17285"
"Touki Toussaint","Braves","1","1","0","4.87","2","17","24.0","22","13","4","24","13","1.47","9.09","4.92","5.09","16929"
"Trey Supak","Brewers","1","1","0","4.97","3","3","19.0","20","10","3","14","6","1.37","6.61","2.84","5.09","sa828707"
"John Means","Orioles","9","13","0","4.94","31","31","181.0","192","99","35","140","51","1.34","6.98","2.51","5.10","16269"
"Austin Voth","Nationals","5","7","0","5.10","15","30","100.0","105","57","18","87","37","1.42","7.86","3.34","5.10","15047"
"Yusei Kikuchi","Mariners","8","13","0","4.71","31","31","176.0","179","92","31","136","60","1.36","6.97","3.08","5.10","20633"
"Kyle Hart","Red Sox","4","4","0","5.09","11","11","65.0","70","37","11","49","24","1.45","6.81","3.39","5.10","sa918414"
"Mike Fiers","Athletics","11","11","0","4.70","32","32","189.0","190","99","34","141","55","1.30","6.73","2.63","5.10","7754"
"Jefry Rodriguez","Indians","2","2","0","4.81","3","13","29.0","28","15","4","24","14","1.47","7.29","4.44","5.11","17018"
"Kolby Allard","Rangers","2","2","0","5.11","6","6","37.0","41","21","6","27","14","1.46","6.60","3.30","5.11","18694"
"Ryan Tepera","Cubs","2","2","0","4.88","0","40","40.0","39","22","6","35","18","1.43","7.92","4.08","5.11","10291"
"Scott Blewett","Royals","0","0","0","5.24","0","5","5.0","5","3","1","4","2","1.53","7.25","4.24","5.11","sa828695"
"Jaime Schultz","Athletics","0","0","0","4.93","0","5","5.0","5","3","1","6","3","1.53","10.14","5.44","5.11","15066"
"A.J. Cole","Blue Jays","0","1","0","5.15","0","10","10.0","10","6","2","10","4","1.45","9.39","3.93","5.12","11467"
"Fernando Abad","Nationals","0","0","0","5.08","0","10","10.0","11","6","2","9","4","1.45","7.73","3.46","5.13","4994"
"Glenn Sparkman","Royals","2","2","0","5.33","3","23","39.0","45","23","7","25","12","1.46","5.71","2.70","5.14","15200"
"Tanner Houck","Red Sox","3","4","0","5.17","10","10","56.0","59","32","9","46","25","1.49","7.35","3.96","5.16","sa829037"
"Anthony Kay","Blue Jays","4","5","0","5.08","13","13","74.0","76","42","12","62","32","1.46","7.57","3.90","5.17","20387"
"Robert Dugger","Marlins","2","4","0","4.98","6","21","53.0","55","29","9","42","20","1.41","7.15","3.34","5.17","19191"
"Matt Magill","Mariners","2","3","0","4.96","0","55","55.0","53","30","10","58","27","1.45","9.57","4.46","5.18","3950"
"Nick Margevicius","Mariners","1","1","0","4.95","3","3","19.0","20","10","4","14","5","1.35","6.71","2.50","5.18","20395"
"Dean Kremer","Orioles","5","8","0","5.05","19","19","112.0","116","63","21","99","43","1.41","7.97","3.42","5.18","sa876350"
"Robert Stephenson","Reds","2","2","0","4.94","0","50","50.0","44","27","9","59","30","1.48","10.69","5.38","5.19","13594"
"Peter Lambert","Rockies","7","10","0","5.70","24","24","141.0","174","89","24","86","42","1.53","5.52","2.69","5.20","17969"
"Michael Shawaryn","Red Sox","1","1","0","5.19","2","7","14.0","14","8","3","13","6","1.44","8.04","3.69","5.20","19495"
"Josh Staumont","Royals","1","1","0","4.84","0","15","15.0","12","8","2","18","13","1.67","10.56","7.65","5.20","18335"
"Wei-Yin Chen","","1","2","0","4.94","2","12","19.0","20","10","4","16","6","1.37","7.52","2.99","5.21","13071"
"Luke Farrell","Rangers","1","1","0","5.05","0","15","15.0","14","8","3","16","8","1.47","9.65","4.71","5.21","15101"
"Ivan Nova","Tigers","7","12","0","5.16","28","28","160.0","183","92","27","95","44","1.42","5.35","2.48","5.21","1994"
"Francisco Liriano","","0","0","0","4.85","0","10","10.0","10","5","2","9","6","1.53","8.17","4.95","5.22","3201"
"Cody Allen","","1","2","0","5.09","0","35","35.0","34","20","7","35","15","1.41","9.11","3.84","5.22","12183"
"Chad Bettis","","1","0","0","4.90","0","10","10.0","11","5","2","7","3","1.41","6.41","3.02","5.22","10587"
"Joey Wentz","Tigers","1","2","0","5.11","5","5","28.0","29","16","5","24","11","1.43","7.59","3.67","5.23","sa917946"
"Jorge Lopez","Royals","2","3","0","5.31","3","38","54.0","59","32","9","44","23","1.51","7.39","3.83","5.23","14527"
"Jake McGee","Rockies","2","2","0","5.54","0","45","45.0","52","28","9","37","15","1.48","7.39","3.04","5.23","7550"
"Matt Harvey","","4","5","0","5.19","13","13","74.0","81","43","14","58","23","1.40","7.04","2.78","5.23","11713"
"Chi Chi Gonzalez","Rockies","1","2","0","5.62","3","8","24.0","28","15","3","17","11","1.62","6.24","4.14","5.23","14663"
"Jeff Samardzija","Giants","8","14","0","5.21","32","32","189.0","199","109","34","145","67","1.41","6.89","3.20","5.24","3254"
"Anthony Misiewicz","Mariners","0","1","0","5.01","2","2","9.0","10","5","2","7","3","1.38","7.13","2.95","5.26","sa874099"
"Justin Dunn","Mariners","4","7","0","5.20","16","16","94.0","97","54","18","82","39","1.44","7.89","3.69","5.26","19268"
"Shun Yamaguchi","","6","8","0","5.17","16","36","114.0","116","66","21","108","51","1.47","8.53","4.06","5.26","27460"
"Ian Kennedy","Royals","3","3","0","5.19","0","65","65.0","68","37","14","61","24","1.41","8.49","3.27","5.26","6986"
"Alex Cobb","Orioles","8","13","0","5.10","31","31","176.0","192","100","32","125","57","1.41","6.41","2.90","5.27","6562"
"Chase Anderson","Blue Jays","9","11","0","4.93","29","29","169.0","165","93","33","149","65","1.36","7.92","3.48","5.27","6895"
"Antonio Senzatela","Rockies","7","11","0","5.72","26","26","150.0","182","95","23","88","57","1.59","5.29","3.41","5.27","15488"
"Jesus Tinoco","Rockies","1","1","0","5.86","0","15","15.0","18","10","3","12","7","1.62","7.17","4.04","5.28","16300"
"Brad Boxberger","Marlins","1","1","0","5.11","0","20","20.0","19","11","4","20","10","1.48","9.20","4.64","5.29","10133"
"Stephen Gonsalves","Mets","0","1","0","5.05","2","2","9.0","9","5","1","8","5","1.52","7.90","4.94","5.29","15492"
"Hector Santiago","","0","1","0","4.89","0","10","10.0","9","5","2","9","5","1.45","8.27","4.66","5.30","4026"
"Erick Fedde","Nationals","2","3","0","5.56","5","15","38.0","45","23","6","26","15","1.56","6.07","3.47","5.31","17425"
"Brian Duensing","","1","1","0","5.08","0","20","20.0","21","11","3","16","9","1.48","7.10","3.96","5.32","4064"
"Branden Kline","","0","0","0","5.44","0","5","5.0","5","3","1","5","2","1.53","8.11","4.06","5.32","14101"
"Colin Rea","Cubs","1","2","0","5.51","3","13","29.0","32","18","5","21","13","1.56","6.58","4.15","5.32","12317"
"Julio Teheran","Angels","10","11","0","4.82","31","31","179.0","164","96","34","165","81","1.37","8.29","4.09","5.33","6797"
"Tony Sipp","","1","1","0","5.00","0","20","20.0","20","11","4","19","9","1.42","8.59","3.94","5.34","8280"
"Felix Hernandez","","2","2","0","5.19","6","6","38.0","41","22","7","28","13","1.42","6.58","3.13","5.34","4772"
"Jordan Zimmermann","Tigers","5","9","0","5.47","21","21","122.0","140","74","25","86","32","1.41","6.37","2.33","5.35","4505"
"Kyle McGowin","Nationals","1","1","0","5.34","2","7","14.0","15","8","3","12","5","1.44","7.97","3.30","5.35","15071"
"Adam Plutko","Indians","3","3","0","5.00","5","35","58.0","59","32","12","47","19","1.33","7.35","2.91","5.37","15846"
"Yency Almonte","Rockies","2","2","0","5.56","0","35","35.0","38","22","6","30","17","1.57","7.75","4.50","5.38","15068"
"Clayton Richard","","2","2","0","5.45","6","6","37.0","43","22","6","25","15","1.56","6.05","3.63","5.38","3551"
"Foster Griffin","Royals","0","1","0","5.56","2","2","9.0","10","6","2","6","3","1.52","6.01","3.32","5.40","sa828674"
"Tyler Kinley","Rockies","1","2","0","5.71","0","30","30.0","32","19","5","27","17","1.65","8.18","5.16","5.42","18297"
"Enyel De Los Santos","Phillies","2","3","0","5.09","6","11","43.0","44","24","8","35","17","1.42","7.39","3.62","5.42","18403"
"Shawn Kelley","","2","2","0","5.14","0","30","30.0","31","17","7","29","9","1.32","8.64","2.59","5.45","7773"
"Anibal Sanchez","Nationals","9","11","0","5.38","29","29","166.0","177","99","34","134","60","1.43","7.25","3.23","5.47","3284"
"Tony Santillan","Reds","0","1","0","5.37","2","2","9.0","10","5","2","7","3","1.47","6.85","3.46","5.48","sa874781"
"Ashton Goudeau","Rockies","1","2","0","6.29","3","13","29.0","36","20","6","24","11","1.64","7.46","3.44","5.49","sa658634"
"Bruce Zimmermann","Orioles","1","1","0","5.58","3","3","19.0","21","12","4","15","8","1.53","7.13","3.68","5.49","sa3004810"
"Edinson Volquez","Rangers","0","1","0","5.46","0","10","10.0","11","6","2","8","5","1.55","7.04","4.24","5.50","3990"
"Clay Buchholz","","4","5","0","5.17","13","13","74.0","79","43","15","51","22","1.37","6.20","2.65","5.52","3543"
"Tayron Guerrero","White Sox","1","1","0","5.21","0","15","15.0","15","9","3","14","8","1.54","8.42","5.09","5.53","11691"
"Brandon Bailey","Orioles","4","7","0","5.35","13","28","90.0","92","54","19","83","41","1.47","8.26","4.05","5.54","sa873692"
"Brian Johnson","Red Sox","1","1","0","5.44","3","3","19.0","20","11","4","15","8","1.49","7.03","3.69","5.54","14272"
"Javy Guerra","Nationals","0","0","0","5.63","0","10","10.0","11","6","2","8","4","1.55","7.22","3.94","5.55","7407"
"Shelby Miller","Brewers","1","1","0","5.62","3","3","19.0","21","12","3","15","9","1.56","7.01","4.32","5.57","10197"
"Keegan Akin","Orioles","2","4","0","5.47","8","8","47.0","49","29","10","42","22","1.50","8.01","4.16","5.57","sa873980"
"Roenis Elias","Nationals","2","3","0","5.81","0","55","55.0","61","36","10","45","27","1.60","7.43","4.41","5.60","12673"
"Jeff Hoffman","Rockies","3","6","0","6.15","13","13","75.0","87","51","15","62","34","1.61","7.46","4.03","5.61","17432"
"Wily Peralta","","1","2","0","5.56","0","25","25.0","27","15","5","21","13","1.59","7.56","4.66","5.63","7738"
"Josh Tomlin","","1","1","0","5.41","0","25","25.0","30","15","6","16","4","1.33","5.83","1.31","5.64","9388"
"Jason Vargas","","5","6","0","5.46","16","16","94.0","100","57","20","76","38","1.46","7.29","3.62","5.64","8044"
"Eric Skoglund","Royals","1","3","0","5.84","5","10","33.0","39","21","6","19","12","1.54","5.27","3.15","5.66","16155"
"David Hess","Orioles","1","2","0","5.47","2","12","19.0","20","12","4","16","7","1.45","7.52","3.46","5.70","16130"
"Tyler Thornburg","","0","1","0","5.75","0","10","10.0","10","6","2","10","5","1.55","9.19","4.61","5.72","10688"
"Carson Fulmer","White Sox","1","1","0","5.44","0","25","25.0","24","15","5","25","16","1.60","8.85","5.70","5.74","18311"
"Ryan Castellani","Rockies","1","1","0","6.43","3","3","19.0","23","14","4","14","9","1.70","6.41","4.41","5.84","sa828689"
"Marco Estrada","","4","5","0","5.17","13","13","73.0","71","42","16","53","26","1.34","6.58","3.22","5.84","1118"
"Tommy Milone","","1","1","0","5.70","3","3","18.0","20","11","5","14","5","1.40","6.93","2.49","5.90","7608"
"Wade LeBlanc","","4","7","0","5.69","16","16","92.0","105","58","21","61","28","1.45","6.01","2.75","5.91","5221"
"Edwin Jackson","Diamondbacks","0","1","0","6.11","2","2","9.0","10","6","2","6","4","1.60","6.45","4.21","5.95","1841"
"Asher Wojciechowski","Orioles","6","11","0","5.86","24","24","139.0","147","90","36","123","55","1.46","7.98","3.58","6.14","10836"
"James Shields","","1","2","0","5.94","5","5","28.0","30","18","7","23","12","1.51","7.34","3.95","6.17","7059"
"Ervin Santana","","2","3","0","5.68","8","8","47.0","51","30","11","28","17","1.45","5.44","3.22","6.19","3200"
